{
    "Register": [
        0.03348894199007191,
        0.004225807992042974,
        0.0045172520040068775,
        0.004539026995189488,
        0.02647073901607655,
        0.004839462984818965,
        0.006921236985363066
    ],
    "Encrypt": [
        0.019330285023897886,
        0.023912855016533285,
        0.0011155650136061013
    ],
    "Sign": [
        0.06414313497953117
    ],
    "Verify": [
        0.014844811987131834
    ],
    "Revoke": [
        7.736499537713826e-05
    ],
    "Decrypt": [
        0.0003179099876433611
    ]
}